"policyA","policyB","pairedSecrets","aFewerGuesses","ties","bFewerGuesses","meanCostDifferenceAminusB"
"local-easy","local-normal","1296","298","540","458","0.14814814814814814"
"local-easy","local-hard","1296","296","523","477","0.16743827160493827"
"local-easy","local-jev","1296","316","543","437","0.10648148148148148"
"local-easy","reference-minimax","1296","316","543","437","0.10648148148148148"
"local-easy","reference-expected","1296","296","523","477","0.16743827160493827"
"local-easy","random-consistent","1296","462","438","396","-0.08101851851851852"
"local-easy","random-legal","1296","972","225","99","-1.6998456790123457"
"local-normal","local-hard","1296","331","590","375","0.019290123456790122"
"local-normal","local-jev","1296","360","605","331","-0.041666666666666664"
"local-normal","reference-minimax","1296","360","605","331","-0.041666666666666664"
"local-normal","reference-expected","1296","331","590","375","0.019290123456790122"
"local-normal","random-consistent","1296","519","443","334","-0.22916666666666666"
"local-normal","random-legal","1296","1030","195","71","-1.8479938271604939"
"local-hard","local-jev","1296","335","703","258","-0.06095679012345679"
"local-hard","reference-minimax","1296","335","703","258","-0.06095679012345679"
"local-hard","reference-expected","1296","0","1296","0","0"
"local-hard","random-consistent","1296","531","465","300","-0.24845679012345678"
"local-hard","random-legal","1296","1036","201","59","-1.867283950617284"
"local-jev","reference-minimax","1296","0","1296","0","0"
"local-jev","reference-expected","1296","258","703","335","0.06095679012345679"
"local-jev","random-consistent","1296","506","459","331","-0.1875"
"local-jev","random-legal","1296","996","239","61","-1.8063271604938271"
"reference-minimax","reference-expected","1296","258","703","335","0.06095679012345679"
"reference-minimax","random-consistent","1296","506","459","331","-0.1875"
"reference-minimax","random-legal","1296","996","239","61","-1.8063271604938271"
"reference-expected","random-consistent","1296","531","465","300","-0.24845679012345678"
"reference-expected","random-legal","1296","1036","201","59","-1.867283950617284"
"random-consistent","random-legal","1296","946","235","115","-1.6188271604938271"
