"policy","pattern","secrets","solved","meanCost","maxCost"
"local-easy","4","6","6","4.166666666666667","5"
"local-easy","3+1","120","120","4.825","7"
"local-easy","2+2","90","90","4.644444444444445","6"
"local-easy","2+1+1","720","720","4.684722222222222","7"
"local-easy","1+1+1+1","360","360","4.225","6"
"local-normal","4","6","6","3.8333333333333335","5"
"local-normal","3+1","120","120","4.416666666666667","6"
"local-normal","2+2","90","90","4.5","6"
"local-normal","2+1+1","720","720","4.434722222222222","6"
"local-normal","1+1+1+1","360","360","4.3694444444444445","6"
"local-hard","4","6","6","3.6666666666666665","4"
"local-hard","3+1","120","120","4.325","5"
"local-hard","2+2","90","90","4.277777777777778","6"
"local-hard","2+1+1","720","720","4.4222222222222225","6"
"local-hard","1+1+1+1","360","360","4.413888888888889","6"
"local-jev","4","6","6","4.166666666666667","5"
"local-jev","3+1","120","120","4.375","5"
"local-jev","2+2","90","90","4.411111111111111","5"
"local-jev","2+1+1","720","720","4.448611111111111","5"
"local-jev","1+1+1+1","360","360","4.522222222222222","5"
"reference-minimax","4","6","6","4.166666666666667","5"
"reference-minimax","3+1","120","120","4.375","5"
"reference-minimax","2+2","90","90","4.411111111111111","5"
"reference-minimax","2+1+1","720","720","4.448611111111111","5"
"reference-minimax","1+1+1+1","360","360","4.522222222222222","5"
"reference-expected","4","6","6","3.6666666666666665","4"
"reference-expected","3+1","120","120","4.325","5"
"reference-expected","2+2","90","90","4.277777777777778","6"
"reference-expected","2+1+1","720","720","4.4222222222222225","6"
"reference-expected","1+1+1+1","360","360","4.413888888888889","6"
"random-consistent","4","6","6","4.666666666666667","5"
"random-consistent","3+1","120","120","4.633333333333334","7"
"random-consistent","2+2","90","90","4.4","6"
"random-consistent","2+1+1","720","720","4.6875","7"
"random-consistent","1+1+1+1","360","360","4.627777777777778","7"
"random-legal","4","6","6","4.833333333333333","6"
"random-legal","3+1","120","117","6.316666666666666","11"
"random-legal","2+2","90","89","6.2","11"
"random-legal","2+1+1","720","699","6.368055555555555","11"
"random-legal","1+1+1+1","360","356","6.080555555555556","11"
